<?xml version="1.0" encoding="UTF-8"?><component xmlns="http://www.opensource-socialnetwork.org/v/5.x">    <name>ShowCase Gallery</name>    <id>showcase</id>    <author>MadRomas</author>    <description>A simple ShowCase Gallery that displays images from a folder</description>    <license>GNU General Public License, version 2</license>    <author_url></author_url>    <license_url>http://www.opensource-socialnetwork.org/licence/</license_url>    <version>1.0</version>	<requires>		<type>ossn_version</type>		<version>5.2</version>	</requires></component>